[
{
    "brand" :"Nike",
    "name" :"Air Max 270",
    "price" : 160.00,
    "image" :"./Images/AirMax.png",
    "quantity" : 15
}
,
{
    "brand" :"Adidas",
    "name" :"DURAMO 10 Shoes",
    "price" : 65.00,
    "image" :"./Images/Adidas.png",
    "quantity" : 10
}
,
{
    "brand" :"NEW BALANCE",
    "name" :"GRUV SLIP ON SNEAKER - NAVY",
    "price" : 49.99,
    "image" :"./Images/GRUV.png",
    "quantity": 10
}
,
{
    "brand" :"Vans",
    "name" :"OMBRE SUNRISE SK8-LOW REISSUE SF",
    "price" :75.00,
    "image" :"./Images/VANS.png",
    "quantity" : 25
}
,
{
    "brand" :"Puma",
    "name" :"Clyde Core Foil Men's Sneakers",
    "price" :70.00,
    "image" : "./Images/GRUV.png",
    "quantity" : 20
}
,
{
    "brand" :"YEEZYs",
    "name" :"adidas Yeezy Knit RNR Boot",
    "price" :599.00,
    "image" :"./Images/Yeezy.png",
    "quantity" : 3
}
]

