{
    "Shoes": [{
        "name": "FLUIDFLOW 2.0",
        "price": 80.00,
        "image": "./images/Fluidflow_Shoe.png",
        "quantity_available": 10
    },
    {
        "name": "SUPERNOVA",
        "price": 90.00,
        "image": "./images/Supernova_Shoe.png",
        "quantity_available": 5
    },
    {
        "name": "ULTRABOOST 22",
        "price": 190.00,
        "image": "./images/Ultraboost_Shoe.png",
        "quantity_available": 5
    },
    {
        "name": "DAILY 3.0",
        "price": 60.00,
        "image": "./images/Daily_Shoe.png",
        "quantity_available": 15
    },
    {
        "name": "BUSENITZ PRO",
        "price": 80.00,
        "image": "./images/Busenitz_Shoe.png",
        "quantity_available": 10
    },
    {
        "name": "DURAMO 10",
        "price": 65.00,
        "image": "./images/Duramo_Shoe.png",
        "quantity_available": 15
    }
    ],



    "Shirts": [{
        "name": "FAST GRAPHIC TEE MARBLE (Grey)",
        "price": 40.00,
        "image": "./images/S6.png",
        "quantity_available": 5
    },
    {
        "name": "NYC TUNNEL TYPE GRAPHIC TEE",
        "price": 30.00,
        "image": "./images/S5.png",
        "quantity_available": 10
    },
    {
        "name": "BADGE OF SPORT TEE (Grey)",
        "price": 25.00,
        "image": "./images/S3.png",
        "quantity_available": 15
    },
    {
        "name": "BADGE OF SPORT TEE (Royal Blue)",
        "price": 25.00,
        "image": "./images/S4.png",
        "quantity_available": 15
    },
    {
        "name": "BADGE OF SPORT TEE (Casual Blue)",
        "price": 25.00,
        "image": "./images/S1.png",
        "quantity_available": 15
    },
    {
        "name": "BADGE OF SPORT TEE (Casual Red)",
        "price": 25.00,
        "image": "./images/S2.png",
        "quantity_available": 15
    }
    ],



    "Shorts": [{
        "name": "GAME MODE SHORTS (Navy)",
        "price": 40.00,
        "image": "./images/Game_Mode_Shorts(Navy).png",
        "quantity_available": 10
    },
    {
        "name": "GAME MODE SHORTS (Grey)",
        "price": 40.00,
        "image": "./images/Game_Mode_Shorts(Grey).png",
        "quantity_available": 10
    },
    {
        "name": "TASTIGO 19 SHORTS (White)",
        "price": 25.00,
        "image": "./images/Tastigo_Shorts(White).png",
        "quantity_available": 15
    },
    {
        "name": "TASTIGO 19 SHORTS (Black)",
        "price": 25.00,
        "image": "./images/Tastigo_Shorts(Black).png",
        "quantity_available": 15
    },
    {
        "name": "LOUNGEWEAR SHORTS (Black)",
        "price": 35.00,
        "image": "./images/Loungewear_Shorts(Black).png",
        "quantity_available": 5
    },
    {
        "name": "LOUNGEWEAR SHORTS (Grey)",
        "price": 35.00,
        "image": "./images/Loungewear_Shorts(Grey).png",
        "quantity_available": 5
    }
    ],



    "Other": [{
        "name": "STEEL METAL (G)",
        "price": 30.00,
        "image": "./images/Steel_Bottle(LightBlue).png",
        "quantity_available": 15
    },
    {
        "name": "STEEL METAL (B)",
        "price": 30.00,
        "image": "./images/Steel_Bottle(Black).png",
        "quantity_available": 15
    },
    {
        "name": "UTILITY SLING BAG",
        "price": 40.00,
        "image": "./images/Bag(Utility).png",
        "quantity_available": 5
    },
    {
        "name": "YOUNG Z FESTIVAL BAG",
        "price": 25.00,
        "image": "./images/Bag(Festival).png",
        "quantity_available": 10
    },
    {
        "name": "SST PLUS STRAP (White)",
        "price": 35.00,
        "image": "./images/Hat(White).png",
        "quantity_available": 10
    },
    {
        "name": "SUPERLITE PRO (Black))",
        "price": 30.00,
        "image": "./images/Hat(Black).png",
        "quantity_available": 15
    }
    ]
}